State_Index,Mac_Bin,Flood_Bin,Age_Bin,Mac_Range,Flood_Range,Age_Range,Q_EVICT,Q_INC_AGE,Q_DEC_AGE,Q_REBALANCE,Best_Action
0,0,0,0,0.00-0.12,0.00-0.12,0.00-0.12,0.0,-2.2182,-2.0713,0.0,EVICT
1,0,0,1,0.00-0.12,0.00-0.12,0.12-0.25,0.0,-0.6872,-1.3421,0.0,EVICT
2,0,0,2,0.00-0.12,0.00-0.12,0.25-0.38,0.0,-0.8042,-0.19,0.0,EVICT
3,0,0,3,0.00-0.12,0.00-0.12,0.38-0.50,0.0,-0.698,-0.6061,0.0,EVICT
4,0,0,4,0.00-0.12,0.00-0.12,0.50-0.62,0.0,1.4434,-0.0156,0.0,INC_AGE
5,0,0,5,0.00-0.12,0.00-0.12,0.62-0.75,0.0,1.6448,0.1671,0.0,INC_AGE
6,0,0,6,0.00-0.12,0.00-0.12,0.75-0.88,0.0,1.5676,0.1182,0.0,INC_AGE
7,0,0,7,0.00-0.12,0.00-0.12,0.88-1.00,0.0,0.2056,0.8004,0.0,DEC_AGE
8,0,1,0,0.00-0.12,0.12-0.25,0.00-0.12,0.0,0.0,0.0,0.0,EVICT
9,0,1,1,0.00-0.12,0.12-0.25,0.12-0.25,0.0,0.0,0.0,0.0,EVICT
10,0,1,2,0.00-0.12,0.12-0.25,0.25-0.38,0.0,0.0,0.0,0.0,EVICT
11,0,1,3,0.00-0.12,0.12-0.25,0.38-0.50,0.0,0.0,0.0,0.0,EVICT
12,0,1,4,0.00-0.12,0.12-0.25,0.50-0.62,0.0,0.0,0.0,0.0,EVICT
13,0,1,5,0.00-0.12,0.12-0.25,0.62-0.75,0.0,0.0,0.0,0.0,EVICT
14,0,1,6,0.00-0.12,0.12-0.25,0.75-0.88,0.0,0.0,0.0,0.0,EVICT
15,0,1,7,0.00-0.12,0.12-0.25,0.88-1.00,0.0,0.0,0.0,0.0,EVICT
16,0,2,0,0.00-0.12,0.25-0.38,0.00-0.12,0.0,0.0196,0.0,0.0,INC_AGE
17,0,2,1,0.00-0.12,0.25-0.38,0.12-0.25,0.0,0.0,0.0,0.0,EVICT
18,0,2,2,0.00-0.12,0.25-0.38,0.25-0.38,0.0,0.1492,0.0,0.0,INC_AGE
19,0,2,3,0.00-0.12,0.25-0.38,0.38-0.50,0.0,0.0,0.0,0.0,EVICT
20,0,2,4,0.00-0.12,0.25-0.38,0.50-0.62,0.0,0.0,0.0,0.0,EVICT
21,0,2,5,0.00-0.12,0.25-0.38,0.62-0.75,0.0,0.0,0.0,0.0,EVICT
22,0,2,6,0.00-0.12,0.25-0.38,0.75-0.88,0.0,0.0,0.0,0.0,EVICT
23,0,2,7,0.00-0.12,0.25-0.38,0.88-1.00,0.0,0.0,0.0,0.0,EVICT
24,0,3,0,0.00-0.12,0.38-0.50,0.00-0.12,0.0,0.0,0.0,0.0,EVICT
25,0,3,1,0.00-0.12,0.38-0.50,0.12-0.25,0.0,0.0,0.0,0.0,EVICT
26,0,3,2,0.00-0.12,0.38-0.50,0.25-0.38,0.0,0.0,0.0,0.0,EVICT
27,0,3,3,0.00-0.12,0.38-0.50,0.38-0.50,0.0,0.0,0.0,0.0,EVICT
28,0,3,4,0.00-0.12,0.38-0.50,0.50-0.62,0.0,0.0,0.0,0.0,EVICT
29,0,3,5,0.00-0.12,0.38-0.50,0.62-0.75,0.0,0.0,0.0,0.0,EVICT
30,0,3,6,0.00-0.12,0.38-0.50,0.75-0.88,0.0,0.0,0.0,0.0,EVICT
31,0,3,7,0.00-0.12,0.38-0.50,0.88-1.00,0.0,0.0,0.0,0.0,EVICT
32,0,4,0,0.00-0.12,0.50-0.62,0.00-0.12,0.0,0.0,0.0,0.0,EVICT
33,0,4,1,0.00-0.12,0.50-0.62,0.12-0.25,0.0,0.0,0.0,0.0,EVICT
34,0,4,2,0.00-0.12,0.50-0.62,0.25-0.38,0.0,0.0,0.0,0.0,EVICT
35,0,4,3,0.00-0.12,0.50-0.62,0.38-0.50,0.0,0.0,0.0,0.0,EVICT
36,0,4,4,0.00-0.12,0.50-0.62,0.50-0.62,0.0,0.0,0.0,0.0,EVICT
37,0,4,5,0.00-0.12,0.50-0.62,0.62-0.75,0.0,0.0,0.0,0.0,EVICT
38,0,4,6,0.00-0.12,0.50-0.62,0.75-0.88,0.0,0.0,0.0,0.0,EVICT
39,0,4,7,0.00-0.12,0.50-0.62,0.88-1.00,0.0,0.0,0.0,0.0,EVICT
40,0,5,0,0.00-0.12,0.62-0.75,0.00-0.12,0.0,0.0,0.0,0.0,EVICT
41,0,5,1,0.00-0.12,0.62-0.75,0.12-0.25,0.0,0.0,-0.0084,0.0,EVICT
42,0,5,2,0.00-0.12,0.62-0.75,0.25-0.38,0.0,0.0,-0.0083,0.0,EVICT
43,0,5,3,0.00-0.12,0.62-0.75,0.38-0.50,0.0,0.0,0.0,0.0,EVICT
44,0,5,4,0.00-0.12,0.62-0.75,0.50-0.62,0.0,0.0,0.0,0.0,EVICT
45,0,5,5,0.00-0.12,0.62-0.75,0.62-0.75,0.0,0.0,0.0,0.0,EVICT
46,0,5,6,0.00-0.12,0.62-0.75,0.75-0.88,0.0,0.0,0.0,0.0,EVICT
47,0,5,7,0.00-0.12,0.62-0.75,0.88-1.00,0.0,0.0,0.0,0.0,EVICT
48,0,6,0,0.00-0.12,0.75-0.88,0.00-0.12,0.0,0.0,0.0,0.0,EVICT
49,0,6,1,0.00-0.12,0.75-0.88,0.12-0.25,0.0,0.0,0.0,0.0,EVICT
50,0,6,2,0.00-0.12,0.75-0.88,0.25-0.38,0.0,0.0,0.0,0.0,EVICT
51,0,6,3,0.00-0.12,0.75-0.88,0.38-0.50,0.0,0.0,0.0,0.0,EVICT
52,0,6,4,0.00-0.12,0.75-0.88,0.50-0.62,0.0,0.0,0.0,0.0,EVICT
53,0,6,5,0.00-0.12,0.75-0.88,0.62-0.75,0.0,0.0,0.0,0.0,EVICT
54,0,6,6,0.00-0.12,0.75-0.88,0.75-0.88,0.0,0.0,0.0,0.0,EVICT
55,0,6,7,0.00-0.12,0.75-0.88,0.88-1.00,0.0,0.0,0.0,0.0,EVICT
56,0,7,0,0.00-0.12,0.88-1.00,0.00-0.12,0.0,0.0,-0.0188,0.0,EVICT
57,0,7,1,0.00-0.12,0.88-1.00,0.12-0.25,0.0,0.0,0.0,0.0,EVICT
58,0,7,2,0.00-0.12,0.88-1.00,0.25-0.38,0.0,0.0,0.0,0.0,EVICT
59,0,7,3,0.00-0.12,0.88-1.00,0.38-0.50,0.0,0.0,0.0,0.0,EVICT
60,0,7,4,0.00-0.12,0.88-1.00,0.50-0.62,0.0,0.0,0.0,0.0,EVICT
61,0,7,5,0.00-0.12,0.88-1.00,0.62-0.75,0.0,0.0,0.0,0.0,EVICT
62,0,7,6,0.00-0.12,0.88-1.00,0.75-0.88,0.0,0.0,0.0,0.0,EVICT
63,0,7,7,0.00-0.12,0.88-1.00,0.88-1.00,0.0,0.0,0.0,0.0,EVICT
64,1,0,0,0.12-0.25,0.00-0.12,0.00-0.12,-2.7349,-3.0085,-2.8479,-2.5203,REBALANCE
65,1,0,1,0.12-0.25,0.00-0.12,0.12-0.25,-1.5197,-2.0475,-1.5685,-1.2436,REBALANCE
66,1,0,2,0.12-0.25,0.00-0.12,0.25-0.38,-0.5417,-0.7845,-0.7455,-1.0985,EVICT
67,1,0,3,0.12-0.25,0.00-0.12,0.38-0.50,-0.8276,-1.0045,-0.4001,-0.3583,REBALANCE
68,1,0,4,0.12-0.25,0.00-0.12,0.50-0.62,-1.0552,-0.2355,-0.3693,-0.0887,REBALANCE
69,1,0,5,0.12-0.25,0.00-0.12,0.62-0.75,0.0264,0.6555,-0.0044,0.0314,INC_AGE
70,1,0,6,0.12-0.25,0.00-0.12,0.75-0.88,-0.0083,0.0269,-0.0014,0.0,INC_AGE
71,1,0,7,0.12-0.25,0.00-0.12,0.88-1.00,-0.0083,0.0698,0.0,0.0,INC_AGE
72,1,1,0,0.12-0.25,0.12-0.25,0.00-0.12,-0.3005,-0.2914,-0.2297,-0.2368,DEC_AGE
73,1,1,1,0.12-0.25,0.12-0.25,0.12-0.25,0.0,0.0,-0.0697,0.0,EVICT
74,1,1,2,0.12-0.25,0.12-0.25,0.25-0.38,0.0,0.0,0.0,0.0,EVICT
75,1,1,3,0.12-0.25,0.12-0.25,0.38-0.50,0.0,-0.0685,0.0,0.0,EVICT
76,1,1,4,0.12-0.25,0.12-0.25,0.50-0.62,0.0,0.0,0.0,0.0,EVICT
77,1,1,5,0.12-0.25,0.12-0.25,0.62-0.75,0.0,0.0,0.0,0.0,EVICT
78,1,1,6,0.12-0.25,0.12-0.25,0.75-0.88,0.0,0.0,0.0,0.0,EVICT
79,1,1,7,0.12-0.25,0.12-0.25,0.88-1.00,0.0,0.0,0.0,0.0,EVICT
80,1,2,0,0.12-0.25,0.25-0.38,0.00-0.12,-0.1276,-0.086,-0.345,-0.0481,REBALANCE
81,1,2,1,0.12-0.25,0.25-0.38,0.12-0.25,-0.1007,0.0,-0.3467,0.0,INC_AGE
82,1,2,2,0.12-0.25,0.25-0.38,0.25-0.38,-0.0094,-0.0561,0.0,0.0,DEC_AGE
83,1,2,3,0.12-0.25,0.25-0.38,0.38-0.50,0.0,0.0,0.0,0.0,EVICT
84,1,2,4,0.12-0.25,0.25-0.38,0.50-0.62,0.0,0.0,0.0,0.0,EVICT
85,1,2,5,0.12-0.25,0.25-0.38,0.62-0.75,0.0,0.0,0.0,0.0,EVICT
86,1,2,6,0.12-0.25,0.25-0.38,0.75-0.88,0.0,0.0,0.0,0.0,EVICT
87,1,2,7,0.12-0.25,0.25-0.38,0.88-1.00,0.0,0.0,0.0,0.0,EVICT
88,1,3,0,0.12-0.25,0.38-0.50,0.00-0.12,0.0,0.0,-0.2334,0.0,EVICT
89,1,3,1,0.12-0.25,0.38-0.50,0.12-0.25,0.0,-0.0362,-0.01,0.0,EVICT
90,1,3,2,0.12-0.25,0.38-0.50,0.25-0.38,0.0,0.0,0.0,0.0,EVICT
91,1,3,3,0.12-0.25,0.38-0.50,0.38-0.50,0.0,0.0,0.0,0.0,EVICT
92,1,3,4,0.12-0.25,0.38-0.50,0.50-0.62,0.0,0.0,0.0,0.0,EVICT
93,1,3,5,0.12-0.25,0.38-0.50,0.62-0.75,0.0,0.0,0.0,0.0,EVICT
94,1,3,6,0.12-0.25,0.38-0.50,0.75-0.88,0.0,0.0,0.0,0.0,EVICT
95,1,3,7,0.12-0.25,0.38-0.50,0.88-1.00,0.0,0.0,0.0,0.0,EVICT
96,1,4,0,0.12-0.25,0.50-0.62,0.00-0.12,-0.1123,-0.4027,-0.0582,0.0,REBALANCE
97,1,4,1,0.12-0.25,0.50-0.62,0.12-0.25,0.0,0.0,0.0,0.0,EVICT
98,1,4,2,0.12-0.25,0.50-0.62,0.25-0.38,0.0,0.0,0.0,0.0,EVICT
99,1,4,3,0.12-0.25,0.50-0.62,0.38-0.50,0.0,0.0,0.0,0.0,EVICT
100,1,4,4,0.12-0.25,0.50-0.62,0.50-0.62,0.0,0.0,0.0,0.0,EVICT
101,1,4,5,0.12-0.25,0.50-0.62,0.62-0.75,0.0,0.0,0.0,0.0,EVICT
102,1,4,6,0.12-0.25,0.50-0.62,0.75-0.88,0.0,0.0,0.0,0.0,EVICT
103,1,4,7,0.12-0.25,0.50-0.62,0.88-1.00,0.0,0.0,0.0,0.0,EVICT
104,1,5,0,0.12-0.25,0.62-0.75,0.00-0.12,0.0,0.0,0.0,0.0,EVICT
105,1,5,1,0.12-0.25,0.62-0.75,0.12-0.25,0.0,0.0,0.0,0.0,EVICT
106,1,5,2,0.12-0.25,0.62-0.75,0.25-0.38,0.0,0.0,0.0,0.0,EVICT
107,1,5,3,0.12-0.25,0.62-0.75,0.38-0.50,0.0,0.0,0.0,0.0,EVICT
108,1,5,4,0.12-0.25,0.62-0.75,0.50-0.62,0.0,0.0,0.0,0.0,EVICT
109,1,5,5,0.12-0.25,0.62-0.75,0.62-0.75,0.0,0.0,0.0,0.0,EVICT
110,1,5,6,0.12-0.25,0.62-0.75,0.75-0.88,0.0,0.0,0.0,0.0,EVICT
111,1,5,7,0.12-0.25,0.62-0.75,0.88-1.00,0.0,0.0,0.0,0.0,EVICT
112,1,6,0,0.12-0.25,0.75-0.88,0.00-0.12,0.0,0.0,0.0,0.0,EVICT
113,1,6,1,0.12-0.25,0.75-0.88,0.12-0.25,0.0,0.0,0.0,0.0,EVICT
114,1,6,2,0.12-0.25,0.75-0.88,0.25-0.38,0.0,0.0,0.0,0.0,EVICT
115,1,6,3,0.12-0.25,0.75-0.88,0.38-0.50,0.0,0.0,0.0,0.0,EVICT
116,1,6,4,0.12-0.25,0.75-0.88,0.50-0.62,0.0,0.0,0.0,0.0,EVICT
117,1,6,5,0.12-0.25,0.75-0.88,0.62-0.75,0.0,0.0,0.0,0.0,EVICT
118,1,6,6,0.12-0.25,0.75-0.88,0.75-0.88,0.0,0.0,0.0,0.0,EVICT
119,1,6,7,0.12-0.25,0.75-0.88,0.88-1.00,0.0,0.0,0.0,0.0,EVICT
120,1,7,0,0.12-0.25,0.88-1.00,0.00-0.12,0.0,0.0,0.0,0.0,EVICT
121,1,7,1,0.12-0.25,0.88-1.00,0.12-0.25,0.0,0.0,0.0,0.0,EVICT
122,1,7,2,0.12-0.25,0.88-1.00,0.25-0.38,0.0,0.0,0.0,0.0,EVICT
123,1,7,3,0.12-0.25,0.88-1.00,0.38-0.50,0.0,0.0,0.0,0.0,EVICT
124,1,7,4,0.12-0.25,0.88-1.00,0.50-0.62,0.0,0.0,0.0,0.0,EVICT
125,1,7,5,0.12-0.25,0.88-1.00,0.62-0.75,0.0,0.0,0.0,0.0,EVICT
126,1,7,6,0.12-0.25,0.88-1.00,0.75-0.88,0.0,0.0,0.0,0.0,EVICT
127,1,7,7,0.12-0.25,0.88-1.00,0.88-1.00,0.0,0.0,0.0,0.0,EVICT
128,2,0,0,0.25-0.38,0.00-0.12,0.00-0.12,-2.3036,-2.2625,-2.0994,-2.4009,DEC_AGE
129,2,0,1,0.25-0.38,0.00-0.12,0.12-0.25,-0.5144,-0.6827,-0.4317,-0.4504,DEC_AGE
130,2,0,2,0.25-0.38,0.00-0.12,0.25-0.38,-1.1254,-0.3929,-0.4487,-0.7365,INC_AGE
131,2,0,3,0.25-0.38,0.00-0.12,0.38-0.50,0.0718,0.4324,0.1199,0.3763,INC_AGE
132,2,0,4,0.25-0.38,0.00-0.12,0.50-0.62,-0.3717,0.9006,-0.2429,-0.0208,INC_AGE
133,2,0,5,0.25-0.38,0.00-0.12,0.62-0.75,-0.005,0.3326,0.0,0.0,INC_AGE
134,2,0,6,0.25-0.38,0.00-0.12,0.75-0.88,0.0369,0.0,-0.0062,0.0108,EVICT
135,2,0,7,0.25-0.38,0.00-0.12,0.88-1.00,0.0,0.0,0.0,0.0,EVICT
136,2,1,0,0.25-0.38,0.12-0.25,0.00-0.12,-0.4798,-0.4788,-0.5874,-0.4652,REBALANCE
137,2,1,1,0.25-0.38,0.12-0.25,0.12-0.25,-0.0444,-0.0492,-0.041,-0.0234,REBALANCE
138,2,1,2,0.25-0.38,0.12-0.25,0.25-0.38,0.0834,0.0,0.0,0.0,EVICT
139,2,1,3,0.25-0.38,0.12-0.25,0.38-0.50,0.1586,0.0,0.0,0.0,EVICT
140,2,1,4,0.25-0.38,0.12-0.25,0.50-0.62,0.0,0.0,0.0,0.0,EVICT
141,2,1,5,0.25-0.38,0.12-0.25,0.62-0.75,0.0,0.0,0.0,0.0,EVICT
142,2,1,6,0.25-0.38,0.12-0.25,0.75-0.88,0.0,0.0,0.0,0.0,EVICT
143,2,1,7,0.25-0.38,0.12-0.25,0.88-1.00,0.0,0.0,0.0,0.0,EVICT
144,2,2,0,0.25-0.38,0.25-0.38,0.00-0.12,-0.237,-0.2446,-0.2029,-0.1698,REBALANCE
145,2,2,1,0.25-0.38,0.25-0.38,0.12-0.25,-0.0169,-0.0819,-0.0283,-0.0253,EVICT
146,2,2,2,0.25-0.38,0.25-0.38,0.25-0.38,0.0,-0.0068,0.0,0.024,REBALANCE
147,2,2,3,0.25-0.38,0.25-0.38,0.38-0.50,0.0,0.0,0.0,0.0,EVICT
148,2,2,4,0.25-0.38,0.25-0.38,0.50-0.62,0.0,0.0,0.0,0.0,EVICT
149,2,2,5,0.25-0.38,0.25-0.38,0.62-0.75,0.0,0.0,0.0,0.0,EVICT
150,2,2,6,0.25-0.38,0.25-0.38,0.75-0.88,0.0,0.0,0.0,0.0,EVICT
151,2,2,7,0.25-0.38,0.25-0.38,0.88-1.00,0.0,0.0,0.0,0.0,EVICT
152,2,3,0,0.25-0.38,0.38-0.50,0.00-0.12,-0.119,0.1326,0.0,0.0,INC_AGE
153,2,3,1,0.25-0.38,0.38-0.50,0.12-0.25,-0.0927,0.0,0.0,0.0,INC_AGE
154,2,3,2,0.25-0.38,0.38-0.50,0.25-0.38,0.0,0.0,-0.0641,0.0,EVICT
155,2,3,3,0.25-0.38,0.38-0.50,0.38-0.50,0.0,0.0,0.0,0.0,EVICT
156,2,3,4,0.25-0.38,0.38-0.50,0.50-0.62,0.0,0.0,0.0,0.0,EVICT
157,2,3,5,0.25-0.38,0.38-0.50,0.62-0.75,0.0,0.0,0.0,0.0,EVICT
158,2,3,6,0.25-0.38,0.38-0.50,0.75-0.88,0.0,0.0,0.0,0.0,EVICT
159,2,3,7,0.25-0.38,0.38-0.50,0.88-1.00,0.0,0.0,0.0,0.0,EVICT
160,2,4,0,0.25-0.38,0.50-0.62,0.00-0.12,-0.042,-0.0008,0.0,0.0,DEC_AGE
161,2,4,1,0.25-0.38,0.50-0.62,0.12-0.25,-0.0498,0.0,0.0,0.0,INC_AGE
162,2,4,2,0.25-0.38,0.50-0.62,0.25-0.38,0.0,0.0,0.0,0.0,EVICT
163,2,4,3,0.25-0.38,0.50-0.62,0.38-0.50,0.0,0.0,0.0,0.0,EVICT
164,2,4,4,0.25-0.38,0.50-0.62,0.50-0.62,0.0,0.0,0.0,0.0,EVICT
165,2,4,5,0.25-0.38,0.50-0.62,0.62-0.75,0.0,0.0,0.0,0.0,EVICT
166,2,4,6,0.25-0.38,0.50-0.62,0.75-0.88,0.0,0.0,0.0,0.0,EVICT
167,2,4,7,0.25-0.38,0.50-0.62,0.88-1.00,0.0,0.0,0.0,0.0,EVICT
168,2,5,0,0.25-0.38,0.62-0.75,0.00-0.12,0.0,0.0,-0.1725,0.0,EVICT
169,2,5,1,0.25-0.38,0.62-0.75,0.12-0.25,0.0,0.0,0.0,0.0,EVICT
170,2,5,2,0.25-0.38,0.62-0.75,0.25-0.38,0.0,0.0,0.0,0.0,EVICT
171,2,5,3,0.25-0.38,0.62-0.75,0.38-0.50,0.0,0.0,0.0,0.0,EVICT
172,2,5,4,0.25-0.38,0.62-0.75,0.50-0.62,0.0,0.0,0.0,0.0,EVICT
173,2,5,5,0.25-0.38,0.62-0.75,0.62-0.75,0.0,0.0,0.0,0.0,EVICT
174,2,5,6,0.25-0.38,0.62-0.75,0.75-0.88,0.0,0.0,0.0,0.0,EVICT
175,2,5,7,0.25-0.38,0.62-0.75,0.88-1.00,0.0,0.0,0.0,0.0,EVICT
176,2,6,0,0.25-0.38,0.75-0.88,0.00-0.12,0.0,0.0,0.0,0.0,EVICT
177,2,6,1,0.25-0.38,0.75-0.88,0.12-0.25,0.0,0.0,0.0,0.0,EVICT
178,2,6,2,0.25-0.38,0.75-0.88,0.25-0.38,0.0,0.0,0.0,0.0,EVICT
179,2,6,3,0.25-0.38,0.75-0.88,0.38-0.50,0.0,0.0,0.0,0.0,EVICT
180,2,6,4,0.25-0.38,0.75-0.88,0.50-0.62,0.0,0.0,0.0,0.0,EVICT
181,2,6,5,0.25-0.38,0.75-0.88,0.62-0.75,0.0,0.0,0.0,0.0,EVICT
182,2,6,6,0.25-0.38,0.75-0.88,0.75-0.88,0.0,0.0,0.0,0.0,EVICT
183,2,6,7,0.25-0.38,0.75-0.88,0.88-1.00,0.0,0.0,0.0,0.0,EVICT
184,2,7,0,0.25-0.38,0.88-1.00,0.00-0.12,0.0,0.0,0.0,0.0,EVICT
185,2,7,1,0.25-0.38,0.88-1.00,0.12-0.25,0.0,0.0,0.0,0.0,EVICT
186,2,7,2,0.25-0.38,0.88-1.00,0.25-0.38,0.0,0.0,0.0,0.0,EVICT
187,2,7,3,0.25-0.38,0.88-1.00,0.38-0.50,0.0,0.0,0.0,0.0,EVICT
188,2,7,4,0.25-0.38,0.88-1.00,0.50-0.62,0.0,0.0,0.0,0.0,EVICT
189,2,7,5,0.25-0.38,0.88-1.00,0.62-0.75,0.0,0.0,0.0,0.0,EVICT
190,2,7,6,0.25-0.38,0.88-1.00,0.75-0.88,0.0,0.0,0.0,0.0,EVICT
191,2,7,7,0.25-0.38,0.88-1.00,0.88-1.00,0.0,0.0,0.0,0.0,EVICT
192,3,0,0,0.38-0.50,0.00-0.12,0.00-0.12,-0.8032,-0.6988,-1.2566,-0.8445,INC_AGE
193,3,0,1,0.38-0.50,0.00-0.12,0.12-0.25,-0.0146,0.35,0.0807,0.0725,INC_AGE
194,3,0,2,0.38-0.50,0.00-0.12,0.25-0.38,-0.3966,0.3681,0.0973,-0.109,INC_AGE
195,3,0,3,0.38-0.50,0.00-0.12,0.38-0.50,0.0,0.4561,-0.05,-0.0001,INC_AGE
196,3,0,4,0.38-0.50,0.00-0.12,0.50-0.62,-0.0068,0.0,0.0644,0.0,DEC_AGE
197,3,0,5,0.38-0.50,0.00-0.12,0.62-0.75,0.0146,0.3977,0.0,0.0,INC_AGE
198,3,0,6,0.38-0.50,0.00-0.12,0.75-0.88,-0.0083,0.0,0.0365,0.0,DEC_AGE
199,3,0,7,0.38-0.50,0.00-0.12,0.88-1.00,0.0,0.0,0.0,0.0,EVICT
200,3,1,0,0.38-0.50,0.12-0.25,0.00-0.12,-0.0498,-0.0333,-0.0946,-0.0524,INC_AGE
201,3,1,1,0.38-0.50,0.12-0.25,0.12-0.25,0.0,0.0,0.0676,0.0,DEC_AGE
202,3,1,2,0.38-0.50,0.12-0.25,0.25-0.38,0.0,0.0,0.0,0.0,EVICT
203,3,1,3,0.38-0.50,0.12-0.25,0.38-0.50,0.0,0.0,0.0,0.1777,REBALANCE
204,3,1,4,0.38-0.50,0.12-0.25,0.50-0.62,0.0,0.0,0.0,0.0,EVICT
205,3,1,5,0.38-0.50,0.12-0.25,0.62-0.75,0.0,0.0,0.0,0.0,EVICT
206,3,1,6,0.38-0.50,0.12-0.25,0.75-0.88,0.0,0.0,0.0,0.0,EVICT
207,3,1,7,0.38-0.50,0.12-0.25,0.88-1.00,0.0,0.0,0.0,0.0,EVICT
208,3,2,0,0.38-0.50,0.25-0.38,0.00-0.12,0.0,0.0,0.0,-0.0026,EVICT
209,3,2,1,0.38-0.50,0.25-0.38,0.12-0.25,0.0,0.0,0.0328,0.0,DEC_AGE
210,3,2,2,0.38-0.50,0.25-0.38,0.25-0.38,0.0,0.0,0.0,0.0,EVICT
211,3,2,3,0.38-0.50,0.25-0.38,0.38-0.50,0.0,0.0,0.0,0.0,EVICT
212,3,2,4,0.38-0.50,0.25-0.38,0.50-0.62,0.0,0.0,0.0,0.0,EVICT
213,3,2,5,0.38-0.50,0.25-0.38,0.62-0.75,0.0,0.0,0.0,0.0,EVICT
214,3,2,6,0.38-0.50,0.25-0.38,0.75-0.88,0.0,0.0,0.0,0.0,EVICT
215,3,2,7,0.38-0.50,0.25-0.38,0.88-1.00,0.0,0.0,0.0,0.0,EVICT
216,3,3,0,0.38-0.50,0.38-0.50,0.00-0.12,0.0,0.0,0.0,0.0,EVICT
217,3,3,1,0.38-0.50,0.38-0.50,0.12-0.25,0.0,0.0,0.0,0.0,EVICT
218,3,3,2,0.38-0.50,0.38-0.50,0.25-0.38,0.0,0.0,0.0,0.0,EVICT
219,3,3,3,0.38-0.50,0.38-0.50,0.38-0.50,0.0,0.0,0.0,0.0,EVICT
220,3,3,4,0.38-0.50,0.38-0.50,0.50-0.62,0.0,0.0,0.0,0.0,EVICT
221,3,3,5,0.38-0.50,0.38-0.50,0.62-0.75,0.0,0.0,0.0,0.0,EVICT
222,3,3,6,0.38-0.50,0.38-0.50,0.75-0.88,0.0,0.0,0.0,0.0,EVICT
223,3,3,7,0.38-0.50,0.38-0.50,0.88-1.00,0.0,0.0,0.0,0.0,EVICT
224,3,4,0,0.38-0.50,0.50-0.62,0.00-0.12,0.0,0.0,0.0,0.0,EVICT
225,3,4,1,0.38-0.50,0.50-0.62,0.12-0.25,0.0,0.0,0.0,0.0,EVICT
226,3,4,2,0.38-0.50,0.50-0.62,0.25-0.38,0.0,0.0,0.0,0.0,EVICT
227,3,4,3,0.38-0.50,0.50-0.62,0.38-0.50,0.0,0.0,0.0,0.0,EVICT
228,3,4,4,0.38-0.50,0.50-0.62,0.50-0.62,0.0,0.0,0.0,0.0,EVICT
229,3,4,5,0.38-0.50,0.50-0.62,0.62-0.75,0.0,0.0,0.0,0.0,EVICT
230,3,4,6,0.38-0.50,0.50-0.62,0.75-0.88,0.0,0.0,0.0,0.0,EVICT
231,3,4,7,0.38-0.50,0.50-0.62,0.88-1.00,0.0,0.0,0.0,0.0,EVICT
232,3,5,0,0.38-0.50,0.62-0.75,0.00-0.12,0.0,0.0,0.0,0.0,EVICT
233,3,5,1,0.38-0.50,0.62-0.75,0.12-0.25,0.0,0.0,0.0,0.0,EVICT
234,3,5,2,0.38-0.50,0.62-0.75,0.25-0.38,0.0,0.0,0.0,0.0,EVICT
235,3,5,3,0.38-0.50,0.62-0.75,0.38-0.50,0.0,0.0,0.0,0.0,EVICT
236,3,5,4,0.38-0.50,0.62-0.75,0.50-0.62,0.0,0.0,0.0,0.0,EVICT
237,3,5,5,0.38-0.50,0.62-0.75,0.62-0.75,0.0,0.0,0.0,0.0,EVICT
238,3,5,6,0.38-0.50,0.62-0.75,0.75-0.88,0.0,0.0,0.0,0.0,EVICT
239,3,5,7,0.38-0.50,0.62-0.75,0.88-1.00,0.0,0.0,0.0,0.0,EVICT
240,3,6,0,0.38-0.50,0.75-0.88,0.00-0.12,0.0,0.0,0.0,0.0,EVICT
241,3,6,1,0.38-0.50,0.75-0.88,0.12-0.25,0.0,0.0,0.0,0.0,EVICT
242,3,6,2,0.38-0.50,0.75-0.88,0.25-0.38,0.0,0.0,0.0,0.0,EVICT
243,3,6,3,0.38-0.50,0.75-0.88,0.38-0.50,0.0,0.0,0.0,0.0,EVICT
244,3,6,4,0.38-0.50,0.75-0.88,0.50-0.62,0.0,0.0,0.0,0.0,EVICT
245,3,6,5,0.38-0.50,0.75-0.88,0.62-0.75,0.0,0.0,0.0,0.0,EVICT
246,3,6,6,0.38-0.50,0.75-0.88,0.75-0.88,0.0,0.0,0.0,0.0,EVICT
247,3,6,7,0.38-0.50,0.75-0.88,0.88-1.00,0.0,0.0,0.0,0.0,EVICT
248,3,7,0,0.38-0.50,0.88-1.00,0.00-0.12,0.0,0.0,0.0,0.0,EVICT
249,3,7,1,0.38-0.50,0.88-1.00,0.12-0.25,0.0,0.0,0.0,0.0,EVICT
250,3,7,2,0.38-0.50,0.88-1.00,0.25-0.38,0.0,0.0,0.0,0.0,EVICT
251,3,7,3,0.38-0.50,0.88-1.00,0.38-0.50,0.0,0.0,0.0,0.0,EVICT
252,3,7,4,0.38-0.50,0.88-1.00,0.50-0.62,0.0,0.0,0.0,0.0,EVICT
253,3,7,5,0.38-0.50,0.88-1.00,0.62-0.75,0.0,0.0,0.0,0.0,EVICT
254,3,7,6,0.38-0.50,0.88-1.00,0.75-0.88,0.0,0.0,0.0,0.0,EVICT
255,3,7,7,0.38-0.50,0.88-1.00,0.88-1.00,0.0,0.0,0.0,0.0,EVICT
256,4,0,0,0.50-0.62,0.00-0.12,0.00-0.12,-0.0056,-0.0042,-0.7136,-0.5026,INC_AGE
257,4,0,1,0.50-0.62,0.00-0.12,0.12-0.25,0.0089,0.1395,0.0,0.0267,INC_AGE
258,4,0,2,0.50-0.62,0.00-0.12,0.25-0.38,0.0416,0.4525,0.0734,0.1118,INC_AGE
259,4,0,3,0.50-0.62,0.00-0.12,0.38-0.50,0.1274,0.5971,-0.0081,0.095,INC_AGE
260,4,0,4,0.50-0.62,0.00-0.12,0.50-0.62,0.0,0.0,0.0,0.0,EVICT
261,4,0,5,0.50-0.62,0.00-0.12,0.62-0.75,0.0,0.0,0.0,0.0,EVICT
262,4,0,6,0.50-0.62,0.00-0.12,0.75-0.88,0.0,0.0,0.0,0.0,EVICT
263,4,0,7,0.50-0.62,0.00-0.12,0.88-1.00,0.0,0.0,0.0,0.0,EVICT
264,4,1,0,0.50-0.62,0.12-0.25,0.00-0.12,-0.001,0.0,0.0,0.0,INC_AGE
265,4,1,1,0.50-0.62,0.12-0.25,0.12-0.25,0.0,0.0,0.0,0.0,EVICT
266,4,1,2,0.50-0.62,0.12-0.25,0.25-0.38,0.0519,0.0,0.0,0.0266,EVICT
267,4,1,3,0.50-0.62,0.12-0.25,0.38-0.50,0.0,0.0,0.0,0.0,EVICT
268,4,1,4,0.50-0.62,0.12-0.25,0.50-0.62,0.0,0.0,0.0,0.0,EVICT
269,4,1,5,0.50-0.62,0.12-0.25,0.62-0.75,0.0,0.0,0.0,0.0,EVICT
270,4,1,6,0.50-0.62,0.12-0.25,0.75-0.88,0.0,0.0,0.0,0.0,EVICT
271,4,1,7,0.50-0.62,0.12-0.25,0.88-1.00,0.0,0.0,0.0,0.0,EVICT
272,4,2,0,0.50-0.62,0.25-0.38,0.00-0.12,0.0,0.0,0.0,0.0,EVICT
273,4,2,1,0.50-0.62,0.25-0.38,0.12-0.25,0.0,0.0,0.0,0.0,EVICT
274,4,2,2,0.50-0.62,0.25-0.38,0.25-0.38,0.0,0.0,0.0,0.0,EVICT
275,4,2,3,0.50-0.62,0.25-0.38,0.38-0.50,0.0,0.0,0.0,0.0,EVICT
276,4,2,4,0.50-0.62,0.25-0.38,0.50-0.62,0.0,0.0,0.0,0.0,EVICT
277,4,2,5,0.50-0.62,0.25-0.38,0.62-0.75,0.0,0.0,0.0,0.0,EVICT
278,4,2,6,0.50-0.62,0.25-0.38,0.75-0.88,0.0,0.0,0.0,0.0,EVICT
279,4,2,7,0.50-0.62,0.25-0.38,0.88-1.00,0.0,0.0,0.0,0.0,EVICT
280,4,3,0,0.50-0.62,0.38-0.50,0.00-0.12,-0.0067,0.0,0.0,0.0,INC_AGE
281,4,3,1,0.50-0.62,0.38-0.50,0.12-0.25,0.0,0.0,0.0,0.0,EVICT
282,4,3,2,0.50-0.62,0.38-0.50,0.25-0.38,0.0,0.0,0.0,0.0,EVICT
283,4,3,3,0.50-0.62,0.38-0.50,0.38-0.50,0.0,0.0,0.0,0.0,EVICT
284,4,3,4,0.50-0.62,0.38-0.50,0.50-0.62,0.0,0.0,0.0,0.0,EVICT
285,4,3,5,0.50-0.62,0.38-0.50,0.62-0.75,0.0,0.0,0.0,0.0,EVICT
286,4,3,6,0.50-0.62,0.38-0.50,0.75-0.88,0.0,0.0,0.0,0.0,EVICT
287,4,3,7,0.50-0.62,0.38-0.50,0.88-1.00,0.0,0.0,0.0,0.0,EVICT
288,4,4,0,0.50-0.62,0.50-0.62,0.00-0.12,0.0,0.0,0.0,0.0,EVICT
289,4,4,1,0.50-0.62,0.50-0.62,0.12-0.25,0.0,0.0,0.0,0.0,EVICT
290,4,4,2,0.50-0.62,0.50-0.62,0.25-0.38,0.0,0.0,0.0,0.0,EVICT
291,4,4,3,0.50-0.62,0.50-0.62,0.38-0.50,0.0,0.0,0.0,0.0,EVICT
292,4,4,4,0.50-0.62,0.50-0.62,0.50-0.62,0.0,0.0,0.0,0.0,EVICT
293,4,4,5,0.50-0.62,0.50-0.62,0.62-0.75,0.0,0.0,0.0,0.0,EVICT
294,4,4,6,0.50-0.62,0.50-0.62,0.75-0.88,0.0,0.0,0.0,0.0,EVICT
295,4,4,7,0.50-0.62,0.50-0.62,0.88-1.00,0.0,0.0,0.0,0.0,EVICT
296,4,5,0,0.50-0.62,0.62-0.75,0.00-0.12,0.0,0.0,0.0,0.0,EVICT
297,4,5,1,0.50-0.62,0.62-0.75,0.12-0.25,0.0,0.0,0.0,0.0,EVICT
298,4,5,2,0.50-0.62,0.62-0.75,0.25-0.38,0.0,0.0,0.0,0.0,EVICT
299,4,5,3,0.50-0.62,0.62-0.75,0.38-0.50,0.0,0.0,0.0,0.0,EVICT
300,4,5,4,0.50-0.62,0.62-0.75,0.50-0.62,0.0,0.0,0.0,0.0,EVICT
301,4,5,5,0.50-0.62,0.62-0.75,0.62-0.75,0.0,0.0,0.0,0.0,EVICT
302,4,5,6,0.50-0.62,0.62-0.75,0.75-0.88,0.0,0.0,0.0,0.0,EVICT
303,4,5,7,0.50-0.62,0.62-0.75,0.88-1.00,0.0,0.0,0.0,0.0,EVICT
304,4,6,0,0.50-0.62,0.75-0.88,0.00-0.12,0.0,0.0,0.0,0.0,EVICT
305,4,6,1,0.50-0.62,0.75-0.88,0.12-0.25,0.0,0.0,0.0,0.0,EVICT
306,4,6,2,0.50-0.62,0.75-0.88,0.25-0.38,0.0,0.0,0.0,0.0,EVICT
307,4,6,3,0.50-0.62,0.75-0.88,0.38-0.50,0.0,0.0,0.0,0.0,EVICT
308,4,6,4,0.50-0.62,0.75-0.88,0.50-0.62,0.0,0.0,0.0,0.0,EVICT
309,4,6,5,0.50-0.62,0.75-0.88,0.62-0.75,0.0,0.0,0.0,0.0,EVICT
310,4,6,6,0.50-0.62,0.75-0.88,0.75-0.88,0.0,0.0,0.0,0.0,EVICT
311,4,6,7,0.50-0.62,0.75-0.88,0.88-1.00,0.0,0.0,0.0,0.0,EVICT
312,4,7,0,0.50-0.62,0.88-1.00,0.00-0.12,0.0,0.0,0.0,0.0,EVICT
313,4,7,1,0.50-0.62,0.88-1.00,0.12-0.25,0.0,0.0,0.0,0.0,EVICT
314,4,7,2,0.50-0.62,0.88-1.00,0.25-0.38,0.0,0.0,0.0,0.0,EVICT
315,4,7,3,0.50-0.62,0.88-1.00,0.38-0.50,0.0,0.0,0.0,0.0,EVICT
316,4,7,4,0.50-0.62,0.88-1.00,0.50-0.62,0.0,0.0,0.0,0.0,EVICT
317,4,7,5,0.50-0.62,0.88-1.00,0.62-0.75,0.0,0.0,0.0,0.0,EVICT
318,4,7,6,0.50-0.62,0.88-1.00,0.75-0.88,0.0,0.0,0.0,0.0,EVICT
319,4,7,7,0.50-0.62,0.88-1.00,0.88-1.00,0.0,0.0,0.0,0.0,EVICT
320,5,0,0,0.62-0.75,0.00-0.12,0.00-0.12,0.0,0.0,-0.0888,0.0,EVICT
321,5,0,1,0.62-0.75,0.00-0.12,0.12-0.25,0.0,0.0,0.0,0.0,EVICT
322,5,0,2,0.62-0.75,0.00-0.12,0.25-0.38,0.0,0.0,0.0,0.0,EVICT
323,5,0,3,0.62-0.75,0.00-0.12,0.38-0.50,0.0,0.0,0.0,0.0,EVICT
324,5,0,4,0.62-0.75,0.00-0.12,0.50-0.62,0.0,0.0,0.0,0.0,EVICT
325,5,0,5,0.62-0.75,0.00-0.12,0.62-0.75,0.0,0.0,0.0,0.0,EVICT
326,5,0,6,0.62-0.75,0.00-0.12,0.75-0.88,0.0,0.0,0.0,0.0,EVICT
327,5,0,7,0.62-0.75,0.00-0.12,0.88-1.00,0.0,0.0,0.0,0.0,EVICT
328,5,1,0,0.62-0.75,0.12-0.25,0.00-0.12,-0.0006,0.0,0.0,0.0,INC_AGE
329,5,1,1,0.62-0.75,0.12-0.25,0.12-0.25,0.0,0.0,0.0,0.0,EVICT
330,5,1,2,0.62-0.75,0.12-0.25,0.25-0.38,0.0,0.0,0.0,0.0,EVICT
331,5,1,3,0.62-0.75,0.12-0.25,0.38-0.50,0.0,0.0,0.0,0.0,EVICT
332,5,1,4,0.62-0.75,0.12-0.25,0.50-0.62,0.0,0.0,0.0,0.0,EVICT
333,5,1,5,0.62-0.75,0.12-0.25,0.62-0.75,0.0,0.0,0.0,0.0,EVICT
334,5,1,6,0.62-0.75,0.12-0.25,0.75-0.88,0.0,0.0,0.0,0.0,EVICT
335,5,1,7,0.62-0.75,0.12-0.25,0.88-1.00,0.0,0.0,0.0,0.0,EVICT
336,5,2,0,0.62-0.75,0.25-0.38,0.00-0.12,0.0,0.0,0.0,0.0,EVICT
337,5,2,1,0.62-0.75,0.25-0.38,0.12-0.25,0.0,0.0,0.0,0.0,EVICT
338,5,2,2,0.62-0.75,0.25-0.38,0.25-0.38,0.0,0.0,0.0,0.0,EVICT
339,5,2,3,0.62-0.75,0.25-0.38,0.38-0.50,0.0,0.0,0.0,0.0,EVICT
340,5,2,4,0.62-0.75,0.25-0.38,0.50-0.62,0.0,0.0,0.0,0.0,EVICT
341,5,2,5,0.62-0.75,0.25-0.38,0.62-0.75,0.0,0.0,0.0,0.0,EVICT
342,5,2,6,0.62-0.75,0.25-0.38,0.75-0.88,0.0,0.0,0.0,0.0,EVICT
343,5,2,7,0.62-0.75,0.25-0.38,0.88-1.00,0.0,0.0,0.0,0.0,EVICT
344,5,3,0,0.62-0.75,0.38-0.50,0.00-0.12,0.0,0.0,0.0,0.0,EVICT
345,5,3,1,0.62-0.75,0.38-0.50,0.12-0.25,0.0,0.0,0.0,0.0,EVICT
346,5,3,2,0.62-0.75,0.38-0.50,0.25-0.38,0.0,0.0,0.0,0.0,EVICT
347,5,3,3,0.62-0.75,0.38-0.50,0.38-0.50,0.0,0.0,0.0,0.0,EVICT
348,5,3,4,0.62-0.75,0.38-0.50,0.50-0.62,0.0,0.0,0.0,0.0,EVICT
349,5,3,5,0.62-0.75,0.38-0.50,0.62-0.75,0.0,0.0,0.0,0.0,EVICT
350,5,3,6,0.62-0.75,0.38-0.50,0.75-0.88,0.0,0.0,0.0,0.0,EVICT
351,5,3,7,0.62-0.75,0.38-0.50,0.88-1.00,0.0,0.0,0.0,0.0,EVICT
352,5,4,0,0.62-0.75,0.50-0.62,0.00-0.12,0.0,0.0,0.0,0.0,EVICT
353,5,4,1,0.62-0.75,0.50-0.62,0.12-0.25,0.0,0.0,0.0,0.0,EVICT
354,5,4,2,0.62-0.75,0.50-0.62,0.25-0.38,0.0,0.0,0.0,0.0,EVICT
355,5,4,3,0.62-0.75,0.50-0.62,0.38-0.50,0.0,0.0,0.0,0.0,EVICT
356,5,4,4,0.62-0.75,0.50-0.62,0.50-0.62,0.0,0.0,0.0,0.0,EVICT
357,5,4,5,0.62-0.75,0.50-0.62,0.62-0.75,0.0,0.0,0.0,0.0,EVICT
358,5,4,6,0.62-0.75,0.50-0.62,0.75-0.88,0.0,0.0,0.0,0.0,EVICT
359,5,4,7,0.62-0.75,0.50-0.62,0.88-1.00,0.0,0.0,0.0,0.0,EVICT
360,5,5,0,0.62-0.75,0.62-0.75,0.00-0.12,0.0,0.0,0.0,0.0,EVICT
361,5,5,1,0.62-0.75,0.62-0.75,0.12-0.25,0.0,0.0,0.0,0.0,EVICT
362,5,5,2,0.62-0.75,0.62-0.75,0.25-0.38,0.0,0.0,0.0,0.0,EVICT
363,5,5,3,0.62-0.75,0.62-0.75,0.38-0.50,0.0,0.0,0.0,0.0,EVICT
364,5,5,4,0.62-0.75,0.62-0.75,0.50-0.62,0.0,0.0,0.0,0.0,EVICT
365,5,5,5,0.62-0.75,0.62-0.75,0.62-0.75,0.0,0.0,0.0,0.0,EVICT
366,5,5,6,0.62-0.75,0.62-0.75,0.75-0.88,0.0,0.0,0.0,0.0,EVICT
367,5,5,7,0.62-0.75,0.62-0.75,0.88-1.00,0.0,0.0,0.0,0.0,EVICT
368,5,6,0,0.62-0.75,0.75-0.88,0.00-0.12,0.0,0.0,0.0,0.0,EVICT
369,5,6,1,0.62-0.75,0.75-0.88,0.12-0.25,0.0,0.0,0.0,0.0,EVICT
370,5,6,2,0.62-0.75,0.75-0.88,0.25-0.38,0.0,0.0,0.0,0.0,EVICT
371,5,6,3,0.62-0.75,0.75-0.88,0.38-0.50,0.0,0.0,0.0,0.0,EVICT
372,5,6,4,0.62-0.75,0.75-0.88,0.50-0.62,0.0,0.0,0.0,0.0,EVICT
373,5,6,5,0.62-0.75,0.75-0.88,0.62-0.75,0.0,0.0,0.0,0.0,EVICT
374,5,6,6,0.62-0.75,0.75-0.88,0.75-0.88,0.0,0.0,0.0,0.0,EVICT
375,5,6,7,0.62-0.75,0.75-0.88,0.88-1.00,0.0,0.0,0.0,0.0,EVICT
376,5,7,0,0.62-0.75,0.88-1.00,0.00-0.12,0.0,0.0,0.0,0.0,EVICT
377,5,7,1,0.62-0.75,0.88-1.00,0.12-0.25,0.0,0.0,0.0,0.0,EVICT
378,5,7,2,0.62-0.75,0.88-1.00,0.25-0.38,0.0,0.0,0.0,0.0,EVICT
379,5,7,3,0.62-0.75,0.88-1.00,0.38-0.50,0.0,0.0,0.0,0.0,EVICT
380,5,7,4,0.62-0.75,0.88-1.00,0.50-0.62,0.0,0.0,0.0,0.0,EVICT
381,5,7,5,0.62-0.75,0.88-1.00,0.62-0.75,0.0,0.0,0.0,0.0,EVICT
382,5,7,6,0.62-0.75,0.88-1.00,0.75-0.88,0.0,0.0,0.0,0.0,EVICT
383,5,7,7,0.62-0.75,0.88-1.00,0.88-1.00,0.0,0.0,0.0,0.0,EVICT
384,6,0,0,0.75-0.88,0.00-0.12,0.00-0.12,0.0,-0.0018,0.0233,-0.0012,DEC_AGE
385,6,0,1,0.75-0.88,0.00-0.12,0.12-0.25,0.0,0.0,0.0,0.0,EVICT
386,6,0,2,0.75-0.88,0.00-0.12,0.25-0.38,0.0,0.0,0.0,0.0,EVICT
387,6,0,3,0.75-0.88,0.00-0.12,0.38-0.50,0.0,0.0,0.0,0.0,EVICT
388,6,0,4,0.75-0.88,0.00-0.12,0.50-0.62,0.0,0.0,0.0,0.0,EVICT
389,6,0,5,0.75-0.88,0.00-0.12,0.62-0.75,0.0,0.0,0.0,0.0,EVICT
390,6,0,6,0.75-0.88,0.00-0.12,0.75-0.88,0.0,0.0,0.0,0.0,EVICT
391,6,0,7,0.75-0.88,0.00-0.12,0.88-1.00,0.0,0.0,0.0,0.0,EVICT
392,6,1,0,0.75-0.88,0.12-0.25,0.00-0.12,0.0,0.0,0.0,0.0,EVICT
393,6,1,1,0.75-0.88,0.12-0.25,0.12-0.25,0.0,0.0,0.0,0.0,EVICT
394,6,1,2,0.75-0.88,0.12-0.25,0.25-0.38,0.0,0.0,0.0,0.0,EVICT
395,6,1,3,0.75-0.88,0.12-0.25,0.38-0.50,0.0,0.0,0.0,0.0,EVICT
396,6,1,4,0.75-0.88,0.12-0.25,0.50-0.62,0.0,0.0,0.0,0.0,EVICT
397,6,1,5,0.75-0.88,0.12-0.25,0.62-0.75,0.0,0.0,0.0,0.0,EVICT
398,6,1,6,0.75-0.88,0.12-0.25,0.75-0.88,0.0,0.0,0.0,0.0,EVICT
399,6,1,7,0.75-0.88,0.12-0.25,0.88-1.00,0.0,0.0,0.0,0.0,EVICT
400,6,2,0,0.75-0.88,0.25-0.38,0.00-0.12,0.0,0.0,0.0,0.0,EVICT
401,6,2,1,0.75-0.88,0.25-0.38,0.12-0.25,0.0,0.0,0.0,0.0,EVICT
402,6,2,2,0.75-0.88,0.25-0.38,0.25-0.38,0.0,0.0,0.0,0.0,EVICT
403,6,2,3,0.75-0.88,0.25-0.38,0.38-0.50,0.0,0.0,0.0,0.0,EVICT
404,6,2,4,0.75-0.88,0.25-0.38,0.50-0.62,0.0,0.0,0.0,0.0,EVICT
405,6,2,5,0.75-0.88,0.25-0.38,0.62-0.75,0.0,0.0,0.0,0.0,EVICT
406,6,2,6,0.75-0.88,0.25-0.38,0.75-0.88,0.0,0.0,0.0,0.0,EVICT
407,6,2,7,0.75-0.88,0.25-0.38,0.88-1.00,0.0,0.0,0.0,0.0,EVICT
408,6,3,0,0.75-0.88,0.38-0.50,0.00-0.12,0.0,0.0,0.0,0.0,EVICT
409,6,3,1,0.75-0.88,0.38-0.50,0.12-0.25,0.0,0.0,0.0,0.0,EVICT
410,6,3,2,0.75-0.88,0.38-0.50,0.25-0.38,0.0,0.0,0.0,0.0,EVICT
411,6,3,3,0.75-0.88,0.38-0.50,0.38-0.50,0.0,0.0,0.0,0.0,EVICT
412,6,3,4,0.75-0.88,0.38-0.50,0.50-0.62,0.0,0.0,0.0,0.0,EVICT
413,6,3,5,0.75-0.88,0.38-0.50,0.62-0.75,0.0,0.0,0.0,0.0,EVICT
414,6,3,6,0.75-0.88,0.38-0.50,0.75-0.88,0.0,0.0,0.0,0.0,EVICT
415,6,3,7,0.75-0.88,0.38-0.50,0.88-1.00,0.0,0.0,0.0,0.0,EVICT
416,6,4,0,0.75-0.88,0.50-0.62,0.00-0.12,0.0,0.0,0.0,0.0,EVICT
417,6,4,1,0.75-0.88,0.50-0.62,0.12-0.25,0.0,0.0,0.0,0.0,EVICT
418,6,4,2,0.75-0.88,0.50-0.62,0.25-0.38,0.0,0.0,0.0,0.0,EVICT
419,6,4,3,0.75-0.88,0.50-0.62,0.38-0.50,0.0,0.0,0.0,0.0,EVICT
420,6,4,4,0.75-0.88,0.50-0.62,0.50-0.62,0.0,0.0,0.0,0.0,EVICT
421,6,4,5,0.75-0.88,0.50-0.62,0.62-0.75,0.0,0.0,0.0,0.0,EVICT
422,6,4,6,0.75-0.88,0.50-0.62,0.75-0.88,0.0,0.0,0.0,0.0,EVICT
423,6,4,7,0.75-0.88,0.50-0.62,0.88-1.00,0.0,0.0,0.0,0.0,EVICT
424,6,5,0,0.75-0.88,0.62-0.75,0.00-0.12,0.0,0.0,0.0,0.0,EVICT
425,6,5,1,0.75-0.88,0.62-0.75,0.12-0.25,0.0,0.0,0.0,0.0,EVICT
426,6,5,2,0.75-0.88,0.62-0.75,0.25-0.38,0.0,0.0,0.0,0.0,EVICT
427,6,5,3,0.75-0.88,0.62-0.75,0.38-0.50,0.0,0.0,0.0,0.0,EVICT
428,6,5,4,0.75-0.88,0.62-0.75,0.50-0.62,0.0,0.0,0.0,0.0,EVICT
429,6,5,5,0.75-0.88,0.62-0.75,0.62-0.75,0.0,0.0,0.0,0.0,EVICT
430,6,5,6,0.75-0.88,0.62-0.75,0.75-0.88,0.0,0.0,0.0,0.0,EVICT
431,6,5,7,0.75-0.88,0.62-0.75,0.88-1.00,0.0,0.0,0.0,0.0,EVICT
432,6,6,0,0.75-0.88,0.75-0.88,0.00-0.12,0.0,0.0,0.0,0.0,EVICT
433,6,6,1,0.75-0.88,0.75-0.88,0.12-0.25,0.0,0.0,0.0,0.0,EVICT
434,6,6,2,0.75-0.88,0.75-0.88,0.25-0.38,0.0,0.0,0.0,0.0,EVICT
435,6,6,3,0.75-0.88,0.75-0.88,0.38-0.50,0.0,0.0,0.0,0.0,EVICT
436,6,6,4,0.75-0.88,0.75-0.88,0.50-0.62,0.0,0.0,0.0,0.0,EVICT
437,6,6,5,0.75-0.88,0.75-0.88,0.62-0.75,0.0,0.0,0.0,0.0,EVICT
438,6,6,6,0.75-0.88,0.75-0.88,0.75-0.88,0.0,0.0,0.0,0.0,EVICT
439,6,6,7,0.75-0.88,0.75-0.88,0.88-1.00,0.0,0.0,0.0,0.0,EVICT
440,6,7,0,0.75-0.88,0.88-1.00,0.00-0.12,0.0,0.0,0.0,0.0,EVICT
441,6,7,1,0.75-0.88,0.88-1.00,0.12-0.25,0.0,0.0403,0.0,0.0,INC_AGE
442,6,7,2,0.75-0.88,0.88-1.00,0.25-0.38,0.0,0.0,0.0,0.0,EVICT
443,6,7,3,0.75-0.88,0.88-1.00,0.38-0.50,0.0,0.0,0.0,0.0,EVICT
444,6,7,4,0.75-0.88,0.88-1.00,0.50-0.62,0.0,0.0,0.0,0.0,EVICT
445,6,7,5,0.75-0.88,0.88-1.00,0.62-0.75,0.0,0.0,0.0,0.0,EVICT
446,6,7,6,0.75-0.88,0.88-1.00,0.75-0.88,0.0,0.0,0.0,0.0,EVICT
447,6,7,7,0.75-0.88,0.88-1.00,0.88-1.00,0.0,0.0,0.0,0.0,EVICT
448,7,0,0,0.88-1.00,0.00-0.12,0.00-0.12,0.0,0.0,0.0,0.0,EVICT
449,7,0,1,0.88-1.00,0.00-0.12,0.12-0.25,0.0,0.0,0.0,0.0,EVICT
450,7,0,2,0.88-1.00,0.00-0.12,0.25-0.38,0.0,0.0,0.0,0.0,EVICT
451,7,0,3,0.88-1.00,0.00-0.12,0.38-0.50,0.0,0.0,0.0,0.0,EVICT
452,7,0,4,0.88-1.00,0.00-0.12,0.50-0.62,0.0,0.0,0.0,0.0,EVICT
453,7,0,5,0.88-1.00,0.00-0.12,0.62-0.75,0.0,0.0,0.0,0.0,EVICT
454,7,0,6,0.88-1.00,0.00-0.12,0.75-0.88,0.0,0.0,0.0,0.0,EVICT
455,7,0,7,0.88-1.00,0.00-0.12,0.88-1.00,0.0,0.0,0.0,0.0,EVICT
456,7,1,0,0.88-1.00,0.12-0.25,0.00-0.12,0.0,0.0,0.0,0.0,EVICT
457,7,1,1,0.88-1.00,0.12-0.25,0.12-0.25,0.0,0.0,0.0,0.0,EVICT
458,7,1,2,0.88-1.00,0.12-0.25,0.25-0.38,0.0,0.0,0.0,0.0,EVICT
459,7,1,3,0.88-1.00,0.12-0.25,0.38-0.50,0.0,0.0,0.0,0.0,EVICT
460,7,1,4,0.88-1.00,0.12-0.25,0.50-0.62,0.0,0.0,0.0,0.0,EVICT
461,7,1,5,0.88-1.00,0.12-0.25,0.62-0.75,0.0,0.0,0.0,0.0,EVICT
462,7,1,6,0.88-1.00,0.12-0.25,0.75-0.88,0.0,0.0,0.0,0.0,EVICT
463,7,1,7,0.88-1.00,0.12-0.25,0.88-1.00,0.0,0.0,0.0,0.0,EVICT
464,7,2,0,0.88-1.00,0.25-0.38,0.00-0.12,0.0,0.0,0.0,0.0,EVICT
465,7,2,1,0.88-1.00,0.25-0.38,0.12-0.25,0.0,0.0,0.0,0.0,EVICT
466,7,2,2,0.88-1.00,0.25-0.38,0.25-0.38,0.0,0.0,0.0,0.0,EVICT
467,7,2,3,0.88-1.00,0.25-0.38,0.38-0.50,0.0,0.0,0.0,0.0,EVICT
468,7,2,4,0.88-1.00,0.25-0.38,0.50-0.62,0.0,0.0,0.0,0.0,EVICT
469,7,2,5,0.88-1.00,0.25-0.38,0.62-0.75,0.0,0.0,0.0,0.0,EVICT
470,7,2,6,0.88-1.00,0.25-0.38,0.75-0.88,0.0,0.0,0.0,0.0,EVICT
471,7,2,7,0.88-1.00,0.25-0.38,0.88-1.00,0.0,0.0,0.0,0.0,EVICT
472,7,3,0,0.88-1.00,0.38-0.50,0.00-0.12,0.0,0.0,0.0,0.0,EVICT
473,7,3,1,0.88-1.00,0.38-0.50,0.12-0.25,0.0,0.0,0.0,0.0,EVICT
474,7,3,2,0.88-1.00,0.38-0.50,0.25-0.38,0.0,0.0,0.0,0.0,EVICT
475,7,3,3,0.88-1.00,0.38-0.50,0.38-0.50,0.0,0.0,0.0,0.0,EVICT
476,7,3,4,0.88-1.00,0.38-0.50,0.50-0.62,0.0,0.0,0.0,0.0,EVICT
477,7,3,5,0.88-1.00,0.38-0.50,0.62-0.75,0.0,0.0,0.0,0.0,EVICT
478,7,3,6,0.88-1.00,0.38-0.50,0.75-0.88,0.0,0.0,0.0,0.0,EVICT
479,7,3,7,0.88-1.00,0.38-0.50,0.88-1.00,0.0,0.0,0.0,0.0,EVICT
480,7,4,0,0.88-1.00,0.50-0.62,0.00-0.12,0.0,0.0,0.0,0.0,EVICT
481,7,4,1,0.88-1.00,0.50-0.62,0.12-0.25,0.0,0.0,0.0,0.0,EVICT
482,7,4,2,0.88-1.00,0.50-0.62,0.25-0.38,0.0,0.0,0.0,0.0,EVICT
483,7,4,3,0.88-1.00,0.50-0.62,0.38-0.50,0.0,0.0,0.0,0.0,EVICT
484,7,4,4,0.88-1.00,0.50-0.62,0.50-0.62,0.0,0.0,0.0,0.0,EVICT
485,7,4,5,0.88-1.00,0.50-0.62,0.62-0.75,0.0,0.0,0.0,0.0,EVICT
486,7,4,6,0.88-1.00,0.50-0.62,0.75-0.88,0.0,0.0,0.0,0.0,EVICT
487,7,4,7,0.88-1.00,0.50-0.62,0.88-1.00,0.0,0.0,0.0,0.0,EVICT
488,7,5,0,0.88-1.00,0.62-0.75,0.00-0.12,0.0,0.0,0.0,0.0,EVICT
489,7,5,1,0.88-1.00,0.62-0.75,0.12-0.25,0.0,0.0,0.0,0.0,EVICT
490,7,5,2,0.88-1.00,0.62-0.75,0.25-0.38,0.0,0.0,0.0,0.0,EVICT
491,7,5,3,0.88-1.00,0.62-0.75,0.38-0.50,0.0,0.0,0.0,0.0,EVICT
492,7,5,4,0.88-1.00,0.62-0.75,0.50-0.62,0.0,0.0,0.0,0.0,EVICT
493,7,5,5,0.88-1.00,0.62-0.75,0.62-0.75,0.0,0.0,0.0,0.0,EVICT
494,7,5,6,0.88-1.00,0.62-0.75,0.75-0.88,0.0,0.0,0.0,0.0,EVICT
495,7,5,7,0.88-1.00,0.62-0.75,0.88-1.00,0.0,0.0,0.0,0.0,EVICT
496,7,6,0,0.88-1.00,0.75-0.88,0.00-0.12,0.0,0.0,0.0,0.0,EVICT
497,7,6,1,0.88-1.00,0.75-0.88,0.12-0.25,0.0,0.0,0.0,0.0,EVICT
498,7,6,2,0.88-1.00,0.75-0.88,0.25-0.38,0.0,0.0,0.0,0.0,EVICT
499,7,6,3,0.88-1.00,0.75-0.88,0.38-0.50,0.0,0.0,0.0,0.0,EVICT
500,7,6,4,0.88-1.00,0.75-0.88,0.50-0.62,0.0,0.0,0.0,0.0,EVICT
501,7,6,5,0.88-1.00,0.75-0.88,0.62-0.75,0.0,0.0,0.0,0.0,EVICT
502,7,6,6,0.88-1.00,0.75-0.88,0.75-0.88,0.0,0.0,0.0,0.0,EVICT
503,7,6,7,0.88-1.00,0.75-0.88,0.88-1.00,0.0,0.0,0.0,0.0,EVICT
504,7,7,0,0.88-1.00,0.88-1.00,0.00-0.12,0.0,0.0,0.0,0.0,EVICT
505,7,7,1,0.88-1.00,0.88-1.00,0.12-0.25,0.0,0.0,0.0,0.0,EVICT
506,7,7,2,0.88-1.00,0.88-1.00,0.25-0.38,0.0,0.0,0.0,0.0,EVICT
507,7,7,3,0.88-1.00,0.88-1.00,0.38-0.50,0.0,0.0,0.0,0.0,EVICT
508,7,7,4,0.88-1.00,0.88-1.00,0.50-0.62,0.0,0.0,0.0,0.0,EVICT
509,7,7,5,0.88-1.00,0.88-1.00,0.62-0.75,0.0,0.0,0.0,0.0,EVICT
510,7,7,6,0.88-1.00,0.88-1.00,0.75-0.88,0.0,0.0,0.0,0.0,EVICT
511,7,7,7,0.88-1.00,0.88-1.00,0.88-1.00,0.0,0.0,0.0,0.0,EVICT
